지역,리뷰 수,태마파크 이름,태마파크 이미지 링크
서울 서초구 잠원동,999,잠원 한강공원,https://search.pstatic.net/common/?autoRotate=true&type=w560_sharpen&src=https%3A%2F%2Fldb-phinf.pstatic.net%2F20150901_135%2F1441033968800uV38D_JPEG%2F13416926_0.jpg
함안 법수면,999,강주해바라기마을,https://search.pstatic.net/common/?autoRotate=true&type=w560_sharpen&src=http%3A%2F%2Fblogfiles.naver.net%2FMjAxNzA5MDNfOTkg%2FMDAxNTA0NDQwNDkwOTkw.ZfrnLO-kjOmMc3m_nT6F0IG-Nj3l23b8tjiS_QtLgpcg.Zp0hMI0nlW0qjfqwYLS8ISJiqUptzKyy789g2qF_zCEg.JPEG.polkadot127%2FIMG_0872.JPG
부산 해운대구 중동,999,해운대블루라인파크,https://search.pstatic.net/common/?autoRotate=true&type=w560_sharpen&src=https%3A%2F%2Fnaverbooking-phinf.pstatic.net%2F20230516_261%2F1684212005577VQEc9_JPEG%2F174-3.jpg
영덕 축산면,13,죽도산,https://search.pstatic.net/common/?autoRotate=true&quality=95&type=w750&src=https%3A%2F%2Fapis.naver.com%2Fplace%2Fpanorama%2Fthumbnail%2F15916747%2F0%3Fwidth%3D800%26height%3D400%26msgpad%3D1720505977331%26md%3DjHF9XAVrsuBhLVl2DH%252FjrrgUALQ%253D
횡성 둔내면,999,웰리힐리파크 워터플래닛,https://search.pstatic.net/common/?autoRotate=true&type=w560_sharpen&src=https%3A%2F%2Fldb-phinf.pstatic.net%2F20240527_122%2F1716769799124NbU5X_JPEG%2F%25BC%25F6%25C1%25A4_%25BF%25F6%25C5%25CD%25C6%25C4%25C5%25A9_%25C0%25FC%25B0%25E6.jpg
김해 신문동,999,롯데워터파크 김해,https://search.pstatic.net/common/?autoRotate=true&type=w560_sharpen&src=https%3A%2F%2Fldb-phinf.pstatic.net%2F20240704_123%2F1720083148541zk6nu_PNG%2F24_%25BF%25F6%25C5%25CD%25C6%25C4%25C5%25A9_%25BE%25EE%25B4%25FA%25C6%25AE%25C7%25AE.png
여주 산북면,999,루덴시아 테마파크,https://search.pstatic.net/common/?autoRotate=true&type=w560_sharpen&src=https%3A%2F%2Fpup-review-phinf.pstatic.net%2FMjAyNDA3MDdfMTk2%2FMDAxNzIwMzI3NzQ1NjY0.WdoqSrhtJjTP75YzZcqjl47nvqwlxEjLM--pv5OkTCkg.ac0z7oF3yJExZyQKhGuzmvKzQ-mXy24o5dVVQUrJxVcg.JPEG%2FE15FF7C6-55CA-46B4-99AF-1FA9C243CA72.jpeg%3Ftype%3Dw1500_60_sharpen
당진 신평면,7,아마존 아쿠아파크 당진,https://search.pstatic.net/common/?autoRotate=true&type=w560_sharpen&src=https%3A%2F%2Fldb-phinf.pstatic.net%2F20240620_141%2F1718844864680oudQV_JPEG%2F1000050998.jpg
대구 달성군 가창면,999,스파밸리,https://search.pstatic.net/common/?autoRotate=true&type=w560_sharpen&src=https%3A%2F%2Fldb-phinf.pstatic.net%2F20220722_42%2F1658461197606ztl6j_JPEG%2Fbanner_fontx.jpg
경산 점촌동,999,이웃집수달,https://search.pstatic.net/common/?autoRotate=true&type=w560_sharpen&src=https%3A%2F%2Fldb-phinf.pstatic.net%2F20230926_204%2F1695700070603NbWIf_JPEG%2FIMG_1779.jpeg
천안 동남구 성남면,999,소노벨 천안 오션어드벤처,https://search.pstatic.net/common/?autoRotate=true&type=w560_sharpen&src=https%3A%2F%2Fldb-phinf.pstatic.net%2F20220614_164%2F1655201205008glta6_JPEG%2F%25C3%25B5%25BE%25C8.jpg
서울 광진구 구의동,5,아차산배수지체육공원,https://search.pstatic.net/common/?autoRotate=true&type=w560_sharpen&src=https%3A%2F%2Fldb-phinf.pstatic.net%2F20220217_292%2F1645062400423toNwp_JPEG%2FDSC00702.JPG
춘천 사북면,17,이상원미술관 뮤지엄스테이,https://search.pstatic.net/common/?autoRotate=true&type=w560_sharpen&src=https%3A%2F%2Fldb-phinf.pstatic.net%2F20240118_4%2F1705550487244vYd6x_JPEG%2F18.jpg
김포 대곶면,999,몬스터리움,https://search.pstatic.net/common/?autoRotate=true&type=w560_sharpen&src=https%3A%2F%2Fnaverbooking-phinf.pstatic.net%2F20231206_135%2F1701843766933QioD5_JPEG%2Fbanner_x.jpg
거제 일운면,999,소노캄 거제 오션어드벤처,https://search.pstatic.net/common/?autoRotate=true&type=w560_sharpen&src=https%3A%2F%2Fpup-review-phinf.pstatic.net%2FMjAyNDA3MDdfMjU2%2FMDAxNzIwMzUwODk1MDI3.Qf_Z8iixXXiSkaRqQFakUIesq8ACg_FslN31mJJg_fEg.KczGaKEnm7yohreRISoxXiKVmGT2yUVnoKF7X36SSlQg.JPEG%2FA4A14422-424D-435A-8632-BD31FA261325.jpeg%3Ftype%3Dw1500_60_sharpen
양평 옥천면,47,사나사계곡,https://search.pstatic.net/common/?autoRotate=true&type=w560_sharpen&src=http%3A%2F%2Fblogfiles.naver.net%2FMjAyNDA2MjdfMjcw%2FMDAxNzE5NDQxNzc1MjE4.mBeMSU3sf5qlDa50QJy6Ay68s4tbeMVeng0y2gI0sRQg.CDczqaTh-dYore_01jSPDhNTWDdJ4_gOGhmchjhFGUIg.JPEG%2F15.jpg
전북 완주군 구이면,999,아마존 아쿠아파크 완주,https://search.pstatic.net/common/?autoRotate=true&type=w560_sharpen&src=https%3A%2F%2Fldb-phinf.pstatic.net%2F20210324_103%2F1616563607310qGvK0_JPEG%2FTymgdTq8u-OHOsYxh55lOzsC.JPG.jpg
인천 동구 송현동,35,송현근린공원,https://search.pstatic.net/common/?autoRotate=true&type=w560_sharpen&src=http%3A%2F%2Fblogfiles.naver.net%2FMjAyNDAzMjhfODEg%2FMDAxNzExNjE2MjY5NTEy.9kbBtbKOy2806DdzEfeSRjrPxFpN8w7VobAdqwlmSo0g.IxEy_MZ-f1MG-dNwJ_PKBr60aErscNaPAOaaTSzljgYg.JPEG%2F20230403_%25BC%25DB%25C7%25F6%25B1%25D9%25B8%25B0%25B0%25F8%25BF%25F8_%25BA%25A2%25B2%25C9_%25BD%25BA%25C4%25C9%25C4%25A12.jpg
용인 처인구 포곡읍,999,에버랜드,https://search.pstatic.net/common/?autoRotate=true&type=w560_sharpen&src=https%3A%2F%2Fpup-review-phinf.pstatic.net%2FMjAyNDA2MDlfMTU1%2FMDAxNzE3OTAyMTA0NTc1.9b1dwwk1zJAIab_Ow1g_iqpNUjBDZUaBUiM71D5QiAwg.HhUvPpdEIE1Hhy1HNVNsCXs2uNSvNvv3qJqkKLk4ao0g.JPEG%2F20240608_183425.jpg%3Ftype%3Dw1500_60_sharpen
서울 종로구 옥인동,84,수성동계곡,https://search.pstatic.net/common/?autoRotate=true&type=w560_sharpen&src=http%3A%2F%2Fblogfiles.naver.net%2FMjAxNzAzMDdfMjQy%2FMDAxNDg4ODkxOTIyOTkw.1EYIsIsHrtooNezwn_r-Mmutsn_kHDAajYLzkk9mLvEg._LbruRgaXrvcnNPYzEcvuW1MHUEIUxHhH2Jd6Yd4vgIg.JPEG.lbmoon68%2FDSC00526_1.jpg%23935x810
서울 서대문구 창천동,11,저스트비 홍대선원,https://search.pstatic.net/common/?autoRotate=true&type=w560_sharpen&src=https%3A%2F%2Fldb-phinf.pstatic.net%2F20231031_15%2F16987229002666z1zn_JPEG%2F%25C0%25CE%25C5%25D7%25B8%25AE%25BE%25EE-%25BD%25C2%25C1%25F8-%25C3%25D4%25BF%25B5-1780.jpg
강릉 주문진읍,999,주문진관광유람선,https://search.pstatic.net/common/?autoRotate=true&type=w560_sharpen&src=https%3A%2F%2Fldb-phinf.pstatic.net%2F20220810_296%2F1660094736803ELYJl_JPEG%2FDJI_0018.JPG
서울 송파구 문정동,999,송파파크하비오워터킹덤워터파크&찜질스파,https://search.pstatic.net/common/?autoRotate=true&type=w560_sharpen&src=https%3A%2F%2Fldb-phinf.pstatic.net%2F20180420_173%2F1524209519738HLjci_JPEG%2F_3.jpg
양주 장흥면,999,송추계곡,https://search.pstatic.net/common/?autoRotate=true&type=w560_sharpen&src=https%3A%2F%2Fpup-review-phinf.pstatic.net%2FMjAyMzExMjlfMTkx%2FMDAxNzAxMjQxMjIyNDY4.UrboF2JIfeQeJd9mQE01bfbIIj-ckdJAkUCOYZ9VtBcg.4a4PZNg3NQlEg07atuFkh1_VNoOdxiUxra-UyIoA_isg.JPEG%2F20231111_140047.jpg.jpg%3Ftype%3Dw1500_60_sharpen
용인 처인구 포곡읍,999,캐리비안베이,https://search.pstatic.net/common/?autoRotate=true&type=w560_sharpen&src=https%3A%2F%2Fldb-phinf.pstatic.net%2F20210528_103%2F1622190997707y48Yn_JPEG%2FKakaoTalk_20200715_175112971_16.jpg
과천 막계동,999,서울랜드,https://search.pstatic.net/common/?autoRotate=true&type=w560_sharpen&src=https%3A%2F%2Fnaverbooking-phinf.pstatic.net%2F20240227_6%2F17090053217233aB0C_JPEG%2F1000x1000_2.jpg
고양 덕양구 효자동,999,북한산천연옥워터파크,https://search.pstatic.net/common/?autoRotate=true&type=w560_sharpen&src=https%3A%2F%2Fpup-review-phinf.pstatic.net%2FMjAyNDA3MDZfNzMg%2FMDAxNzIwMjc1Mjc5MTQz.0oe1LHHAIQ29o8-XhcXLRmCYixn5IUuZzGyqeowf6-Yg.bl8m6cGdcshGLcNyKevyrERFqUXaQ0rYQg97o-4iXc8g.JPEG%2FA77B57A4-A42F-462D-BA98-ADBD43211A67.jpeg%3Ftype%3Dw1500_60_sharpen
부산 해운대구 우동,999,센텀 스파랜드,https://search.pstatic.net/common/?autoRotate=true&type=w560_sharpen&src=https%3A%2F%2Fldb-phinf.pstatic.net%2F20191203_87%2F1575341414885fTB51_JPEG%2F%25B3%25D7%25C0%25CC%25B9%25F6_%25C7%25C3%25B7%25B9%25C0%25CC%25BD%25BA_%25C0%25CC%25B9%25CC%25C1%25F6.jpg
충주 목벌동,999,활옥동굴,https://search.pstatic.net/common/?autoRotate=true&type=w560_sharpen&src=https%3A%2F%2Fpup-review-phinf.pstatic.net%2FMjAyNDA3MDFfMTcz%2FMDAxNzE5ODAwNjI1NjI3.dQ6hEq6fFQM7NAMEn7BtQSMa7UBOzF3kmtB-NpPKodgg.xwm6lR2mrh6v1tw9UPfj7LGREzmKQ4sBIPcJMWGh6Iog.JPEG%2F20240629_162611.jpg.jpg%3Ftype%3Dw1500_60_sharpen
포천 소흘읍,35,송우관광농원 페리아도 워터파크,https://search.pstatic.net/common/?autoRotate=true&type=w560_sharpen&src=https%3A%2F%2Fldb-phinf.pstatic.net%2F20200804_15%2F1596522691315I97Cc_JPEG%2FbGERlf_WE5fcDg3t1DUa-u4p.jpg
경주 천군동,999,강동 워터파크,https://search.pstatic.net/common/?autoRotate=true&type=w560_sharpen&src=https%3A%2F%2Fnaverbooking-phinf.pstatic.net%2F20240704_36%2F1720053620321p430p_JPEG%2Fbanner_x_.jpg
경주 천군동,999,경주월드,https://search.pstatic.net/common/?autoRotate=true&type=w560_sharpen&src=http%3A%2F%2Fblogfiles.naver.net%2FMjAxNzAzMjBfMzAw%2FMDAxNDg5OTg2NDQ5NjUx.mHYO0mKiGuthcFyFSJQ-spWKVJJSJTjOlYm8R1TvJrAg.coR9eO2AOF3PX6_gjG6tpWCkWMezLTCKMGbwieBKQ9Ug.JPEG.mamama55%2FIMG_6167.JPG%232592x1728
논산 벌곡면,12,벌곡랜드 물놀이 수영장 유원지,https://search.pstatic.net/common/?autoRotate=true&type=w560_sharpen&src=https%3A%2F%2Fldb-phinf.pstatic.net%2F20210723_85%2F16270152282209Prdt_JPEG%2FmS6nN2Q5lCLrVF1rV9p1c8Bf.jpg
여수 소호동,999,디오션 워터파크,https://search.pstatic.net/common/?autoRotate=true&type=w560_sharpen&src=https%3A%2F%2Fldb-phinf.pstatic.net%2F20191007_110%2F1570409863662Ht2pF_JPEG%2F02.jpg
경주 인왕동,4,첨성대 해바라기밭,https://search.pstatic.net/common/?autoRotate=true&type=w560_sharpen&src=https%3A%2F%2Fldb-phinf.pstatic.net%2F20191007_110%2F1570409863662Ht2pF_JPEG%2F02.jpg
천안 서북구 직산읍,83,파라프라,https://search.pstatic.net/common/?autoRotate=true&type=w560_sharpen&src=http%3A%2F%2Fblogfiles.naver.net%2FMjAyNDA2MTJfMTAw%2FMDAxNzE4MTc4MDU1NDk1.PcIZR14zjvoz3IMePVqFVaKIN5of189XypPHdhycUp0g.xKOEPvCfAOvPhBoAqo3Ex963OX0ZThCAUIG3yZbBF5kg.JPEG%2FKakaoTalk_20240612_154631226_10.jpg
아산 도고면,999,파라다이스스파도고,https://search.pstatic.net/common/?autoRotate=true&type=w560_sharpen&src=https%3A%2F%2Fldb-phinf.pstatic.net%2F20210702_259%2F1625201406788zth2d_JPEG%2F%25C6%25C4%25B5%25B5%25C7%25AE_%25C7%25CF%25B0%25E8%25C1%25D6%25B0%25A3.jpg
가평 가평읍,69,가평용추계곡,https://search.pstatic.net/common/?autoRotate=true&type=w560_sharpen&src=https%3A%2F%2Fpup-review-phinf.pstatic.net%2FMjAyNDA1MzBfMjgg%2FMDAxNzE3MDQ4ODU0NzM4.HirmBFOw8mFRaQ5JK6cuS9L-RgHrp3dvdUryeP4iyugg.5v1i0eqa8s_t07HGGpVyLlSWGIVMRWGzdxZ7j63APjsg.JPEG%2F20240529_161715.jpg.jpg%3Ftype%3Dw1500_60_sharpen
서울 영등포구 영등포동4가,999,주렁주렁 동물원 영등포점,https://search.pstatic.net/common/?autoRotate=true&type=w560_sharpen&src=http%3A%2F%2Fblogfiles.naver.net%2FMjAyNDA2MDhfMTYw%2FMDAxNzE3ODU2MDkxNjU4.GexCiDYwLegfPf6H_9K6Lz4LVetkolqyCkkQV_BggI8g.cZ1KkszWdSp5uDe9HAyeWWpo1bqcc9_EDFOr9OZKCxAg.JPEG%2FIMG_6467.JPG
부산 해운대구 중동,999,클럽디오아시스 스파&워터파크,https://search.pstatic.net/common/?autoRotate=true&type=w560_sharpen&src=https%3A%2F%2Fldb-phinf.pstatic.net%2F20230731_74%2F16907830044950holF_JPEG%2Fbg_oasis_02.jpg
시흥 정왕동,75,파라다이브,https://search.pstatic.net/common/?autoRotate=true&type=w560_sharpen&src=https%3A%2F%2Fnaverbooking-phinf.pstatic.net%2F20240409_97%2F1712629478755O9gla_JPEG%2FKakaoTalk_20231106_155904912.jpg
서울 송파구 신천동,999,롯데월드 아쿠아리움,https://search.pstatic.net/common/?autoRotate=true&type=w560_sharpen&src=https%3A%2F%2Fpup-review-phinf.pstatic.net%2FMjAyNDA3MDhfMjcz%2FMDAxNzIwNDEwMjAxMTI5.wPC2bWAy1kML5VOZiFLo4IgTffGU25Nvu57VdBn-Zycg.fTAtKsN_HVDr3HwoNcRb9YJlphFAVKv5sSpf8JX8qF8g.JPEG%2FEAA792BA-3E61-4DC0-860D-D18F23597930.jpeg%3Ftype%3Dw1500_60_sharpen
여수 만흥동,999,녹테마레 미디어아트,https://search.pstatic.net/common/?autoRotate=true&type=w560_sharpen&src=https%3A%2F%2Fnaverbooking-phinf.pstatic.net%2F20240605_253%2F1717575981869RvDFr_JPEG%2Fbanner_x.jpg
속초 설악동,999,설악케이블카,https://search.pstatic.net/common/?autoRotate=true&type=w560_sharpen&src=https%3A%2F%2Fldb-phinf.pstatic.net%2F20190601_44%2F1559357117150NRrRo_JPEG%2FIMG_2257.JPG
경주 천군동,999,경주월드캘리포니아비치,https://search.pstatic.net/common/?autoRotate=true&type=w560_sharpen&src=https%3A%2F%2Fldb-phinf.pstatic.net%2F20200710_139%2F1594365121796nhqXv_JPEG%2F140803_jpg_%25C4%25B6%25B8%25AE%25C6%25F7%25B4%25CF%25BE%25C6_%25BA%25F1%25C4%25A1%2528%25BF%25CD%25C0%25CC%25B5%25E5%2529%25BB%25E7%25C1%25F8.jpg
제주 서귀포시 성산읍,999,아쿠아플라넷 제주,https://search.pstatic.net/common/?autoRotate=true&type=w560_sharpen&src=https%3A%2F%2Fldb-phinf.pstatic.net%2F20221201_42%2F16698713960564tVxS_JPEG%2Fphoto_00150.JPG
서울 영등포구 여의도동,999,여의도 한강공원,https://search.pstatic.net/common/?autoRotate=true&type=w560_sharpen&src=http%3A%2F%2Fblogfiles.naver.net%2FMjAyMzEwMjJfMTAz%2FMDAxNjk3OTg0NTMxMTEw.F-IfxD-jktlkwnidfLvQwi0xrLS55c3BkIC_DdcGolsg.f1y2zyp_OB7ia21c5x6I2N0EubrZwRUHssm2ad-_pUMg.JPEG.eunjin9875%2F20231022%25A3%25DF164601.jpg
포항 북구 죽장면,38,하옥계곡,https://search.pstatic.net/common/?autoRotate=true&type=w560_sharpen&src=https%3A%2F%2Fpup-review-phinf.pstatic.net%2FMjAyNDA2MTlfMTAw%2FMDAxNzE4NzcxNDgwODgz.SuswhigXsdQqpzx-FjpR-Jfy64xzguP_jq_UU8IblrUg.B-fdpt5DnX0iJqBNDYUjToOgK-tmqfRKNfoJnrbGITkg.JPEG%2F74DC085B-A36C-4CD3-B53C-3056C1F8147D.jpeg%3Ftype%3Dw1500_60_sharpen
제주 제주시 해안동,999,노형수퍼마켙,https://search.pstatic.net/common/?autoRotate=true&type=w560_sharpen&src=https%3A%2F%2Fnaverbooking-phinf.pstatic.net%2F20220905_117%2F1662345236880iMKWI_JPEG%2F%25B3%25EB%25C7%25FC_%25C0%25CC%25B9%25CC%25C1%25F6_1.jpg
고양 일산서구 대화동,999,원마운트 워터파크,https://search.pstatic.net/common/?autoRotate=true&type=w560_sharpen&src=https%3A%2F%2Fldb-phinf.pstatic.net%2F20240603_201%2F1717377244641f3Dcf_JPEG%2F%25BF%25F6%25C5%25CD%25C6%25C4%25C5%25A9_%25289-1%2529.jpg
울산 남구 옥동,47,울산과학관,https://search.pstatic.net/common/?autoRotate=true&type=w560_sharpen&src=https%3A%2F%2Fldb-phinf.pstatic.net%2F20201110_16%2F16049935337553KQpd_JPEG%2FBGaBQ8eCHoTASLy5T1H9isLL.JPG.jpg
제주 제주시 회천동,89,김경숙해바라기농장,https://search.pstatic.net/common/?autoRotate=true&type=w560_sharpen&src=https%3A%2F%2Fldb-phinf.pstatic.net%2F20190624_144%2F1561359965779IdLU3_JPEG%2F%25C7%25D8%25B9%25D9%25B6%25F3%25B1%25E2%25BB%25E7%25C1%25F8.jpg
제주 제주시 한림읍,999,한림공원,https://search.pstatic.net/common/?autoRotate=true&type=w560_sharpen&src=https%3A%2F%2Fnaverbooking-phinf.pstatic.net%2F20240618_269%2F17186909166691IUla_JPEG%2F7G5A7283.jpg_S.jpg
동해 삼화동,999,무릉계곡,https://search.pstatic.net/common/?autoRotate=true&type=w560_sharpen&src=https%3A%2F%2Fldb-phinf.pstatic.net%2F20150831_231%2F14409922366002we3J_JPEG%2F11491159_0.jpg
서울 영등포구 문래동3가,999,SeaLaLa워터파크,https://search.pstatic.net/common/?autoRotate=true&type=w560_sharpen&src=https%3A%2F%2Fldb-phinf.pstatic.net%2F20200215_19%2F1581724830750ngVvj_JPEG%2F600x600_01.jpg
횡성 횡성읍,12,횡성문화체육공원,https://search.pstatic.net/common/?autoRotate=true&type=w560_sharpen&src=https%3A%2F%2Fldb-phinf.pstatic.net%2F20200618_245%2F1592445570579Q6QxV_JPEG%2F8H--HNFMeS_25jNwaHkWHywD.jpg
평택 진위면,18,트리하우스,https://search.pstatic.net/common/?autoRotate=true&type=w560_sharpen&src=https%3A%2F%2Fpup-review-phinf.pstatic.net%2FMjAyMzA2MDFfMjM2%2FMDAxNjg1NTc5OTMyMDY4.LSGqKoJhkFL2sHRSWhM_KSSkNy3CfIoO3fzEJP7-_ygg.ZtkpHGP92-zhuiOaWvLNQ6joFCIaHNyAgVzWljkKiJQg.JPEG%2F35F62190-11BB-46F6-B4BA-A7D63EB2F659.jpeg%3Ftype%3Dw1500_60_sharpen
화성 송동,999,주렁주렁 동물원 동탄점,https://search.pstatic.net/common/?autoRotate=true&type=w560_sharpen&src=https%3A%2F%2Fldb-phinf.pstatic.net%2F20240430_26%2F17144672857306o4yl_JPEG%2F%25B3%25D7%25C0%25CC%25B9%25F6%25C7%25C1%25B7%25CE%25C7%25CA_%25B5%25BF%25C5%25BA%25B6%25F3%25C5%25A9%25B8%25F9%25C1%25A1_%25BA%25B9%25BB%25E7.jpg
제주 서귀포시 안덕면,999,산방산 탄산온천,https://search.pstatic.net/common/?autoRotate=true&type=w560_sharpen&src=https%3A%2F%2Fnaverbooking-phinf.pstatic.net%2F20230906_103%2F1693980753151cIrk9_JPEG%2F1242_%25281%2529.jpg
서울 광진구 능동,999,서울어린이대공원,https://search.pstatic.net/common/?autoRotate=true&type=w560_sharpen&src=https%3A%2F%2Fldb-phinf.pstatic.net%2F20230615_196%2F1686807438355p3nYD_JPEG%2F20190516-%25BC%25AD%25BF%25EF%25BE%25EE%25B8%25B0%25C0%25CC%25B4%25EB%25B0%25F8%25BF%25F8_%25C0%25AF%25C3%25A4%25B2%25C9%25B9%25E7-0009.JPG
제천 한수면,38,송계계곡,https://search.pstatic.net/common/?autoRotate=true&type=w560_sharpen&src=http%3A%2F%2Fblogfiles.naver.net%2FMjAxNzA3MjVfMjY1%2FMDAxNTAwOTU0ODk5MTI0.g86JSA92hLfCHU3VjR6BtuCC6WSR-V4_f197ynG1YrQg.alYV4G322M_q5d-hS1JoPJpfxMqASi153tWfNBBYnecg.JPEG.lyu1388%2FDPP_0072.JPG%232880x1920
파주 문산읍,13,임진각 수풀누리 공원,https://search.pstatic.net/common/?autoRotate=true&type=w560_sharpen&src=https%3A%2F%2Fldb-phinf.pstatic.net%2F20230622_216%2F1687443793450O5vD2_JPEG%2F20230618_202336.jpg
인천 중구 운서동,999,파라다이스시티 씨메르,https://search.pstatic.net/common/?autoRotate=true&type=w560_sharpen&src=https%3A%2F%2Fldb-phinf.pstatic.net%2F20190919_86%2F1568862697366D8EVT_JPEG%2Febay_banner_1000x1000_cimer_01.jpg
이천 모가면,999,이천 테르메덴,https://search.pstatic.net/common/?autoRotate=true&type=w560_sharpen&src=https%3A%2F%2Fldb-phinf.pstatic.net%2F20190725_32%2F1564015527819VJuX0_JPEG%2F%25C5%25D7%25B8%25A3%25B8%25DE%25B5%25A72.JPG
서울 서초구 잠원동,71,잠원 한강공원 수영장,https://search.pstatic.net/common/?autoRotate=true&type=w560_sharpen&src=https%3A%2F%2Fldb-phinf.pstatic.net%2F20240528_261%2F17168610676700clpy_JPEG%2F230722-%25C0%25E1%25BF%25F8%25BC%25F6%25BF%25B5%25C0%25E5-%25B4%25EB%25B0%25A2-%252823%2529.jpg
부산 동래구 온천동,999,허심청,https://search.pstatic.net/common/?autoRotate=true&type=w560_sharpen&src=https%3A%2F%2Fldb-phinf.pstatic.net%2F20200525_124%2F1590384601571pGEsu_JPEG%2FgTuYMTDcjN2Vw_Ia6M7Wxh8E.jpg
밀양 산내면,92,얼음골,https://search.pstatic.net/common/?autoRotate=true&type=w560_sharpen&src=https%3A%2F%2Fldb-phinf.pstatic.net%2F20150901_20%2F1441045622690jHwxP_JPEG%2F13491420_0.jpg
고양 덕양구 동산동,999,아쿠아필드 고양,https://search.pstatic.net/common/?autoRotate=true&type=w560_sharpen&src=https%3A%2F%2Fldb-phinf.pstatic.net%2F20180326_3%2F15220496277186vAmB_JPEG%2FFkcWe53fZ24AWs9Q1Wt_yDxd.jpg
과천 막계동,999,서울대공원,https://search.pstatic.net/common/?autoRotate=true&type=w560_sharpen&src=https%3A%2F%2Fldb-phinf.pstatic.net%2F20170403_66%2F1491217081772nIH5y_JPEG%2F186353598820945_0.jpeg
속초 장사동,999,한화리조트 설악워터피아,https://search.pstatic.net/common/?autoRotate=true&type=w560_sharpen&src=https%3A%2F%2Fnaverbooking-phinf.pstatic.net%2F20230515_173%2F1684124596194aWi0o_JPEG%2F%25B8%25DE%25C0%25CF%25BD%25BA%25C6%25AE%25B7%25D2.JPG
